{
    "confusion_matrix": [
        [
            7546,
            631
        ],
        [
            650,
            2075
        ]
    ],
    "classification_report": {
        "0.0": {
            "precision": 0.9206930209858467,
            "recall": 0.9228323345970405,
            "f1-score": 0.9217614365113296,
            "support": 8177.0
        },
        "1.0": {
            "precision": 0.7668144863266815,
            "recall": 0.7614678899082569,
            "f1-score": 0.7641318357576874,
            "support": 2725.0
        },
        "accuracy": 0.8824986241056687,
        "macro avg": {
            "precision": 0.843753753656264,
            "recall": 0.8421501122526487,
            "f1-score": 0.8429466361345085,
            "support": 10902.0
        },
        "weighted avg": {
            "precision": 0.882230444674507,
            "recall": 0.8824986241056687,
            "f1-score": 0.8823612657120565,
            "support": 10902.0
        }
    },
    "roc_auc": 0.9324
}