{
    "confusion_matrix": [
        [
            7512,
            665
        ],
        [
            657,
            2068
        ]
    ],
    "classification_report": {
        "0.0": {
            "precision": 0.919573999265516,
            "recall": 0.9186743304390363,
            "f1-score": 0.91912394469595,
            "support": 8177.0
        },
        "1.0": {
            "precision": 0.7566776436150751,
            "recall": 0.7588990825688073,
            "f1-score": 0.7577867350677904,
            "support": 2725.0
        },
        "accuracy": 0.87873784626674,
        "macro avg": {
            "precision": 0.8381258214402956,
            "recall": 0.8387867065039218,
            "f1-score": 0.8384553398818702,
            "support": 10902.0
        },
        "weighted avg": {
            "precision": 0.8788573812919834,
            "recall": 0.87873784626674,
            "f1-score": 0.8787970417206488,
            "support": 10902.0
        }
    },
    "roc_auc": 0.928
}